timestamp_utc,noise_uid,scenario,profile,iteration,event_type,severity,expected_impact,target_services,source
2026-05-03T02:47:08Z,E-LOW-1,SCENARIO_E,LOW,1,legitimate_operational_noise,benign,benign_no_attack,"health-app;telemetry-api;vulnerable-app;mqtt-broker",local_ndjson_batch
2026-05-03T02:47:56Z,E-LOW-2,SCENARIO_E,LOW,2,legitimate_operational_noise,benign,benign_no_attack,"health-app;telemetry-api;vulnerable-app;mqtt-broker",local_ndjson_batch
2026-05-03T02:48:43Z,E-LOW-3,SCENARIO_E,LOW,3,legitimate_operational_noise,benign,benign_no_attack,"health-app;telemetry-api;vulnerable-app;mqtt-broker",local_ndjson_batch
2026-05-03T02:49:31Z,E-LOW-4,SCENARIO_E,LOW,4,legitimate_operational_noise,benign,benign_no_attack,"health-app;telemetry-api;vulnerable-app;mqtt-broker",local_ndjson_batch
2026-05-03T02:50:19Z,E-LOW-5,SCENARIO_E,LOW,5,legitimate_operational_noise,benign,benign_no_attack,"health-app;telemetry-api;vulnerable-app;mqtt-broker",local_ndjson_batch
2026-05-03T02:51:06Z,E-LOW-6,SCENARIO_E,LOW,6,legitimate_operational_noise,benign,benign_no_attack,"health-app;telemetry-api;vulnerable-app;mqtt-broker",local_ndjson_batch
2026-05-03T02:51:54Z,E-LOW-7,SCENARIO_E,LOW,7,legitimate_operational_noise,benign,benign_no_attack,"health-app;telemetry-api;vulnerable-app;mqtt-broker",local_ndjson_batch
2026-05-03T02:52:42Z,E-LOW-8,SCENARIO_E,LOW,8,legitimate_operational_noise,benign,benign_no_attack,"health-app;telemetry-api;vulnerable-app;mqtt-broker",local_ndjson_batch
2026-05-03T02:53:29Z,E-LOW-9,SCENARIO_E,LOW,9,legitimate_operational_noise,benign,benign_no_attack,"health-app;telemetry-api;vulnerable-app;mqtt-broker",local_ndjson_batch
2026-05-03T02:54:17Z,E-LOW-10,SCENARIO_E,LOW,10,legitimate_operational_noise,benign,benign_no_attack,"health-app;telemetry-api;vulnerable-app;mqtt-broker",local_ndjson_batch
2026-05-03T02:55:05Z,E-LOW-11,SCENARIO_E,LOW,11,legitimate_operational_noise,benign,benign_no_attack,"health-app;telemetry-api;vulnerable-app;mqtt-broker",local_ndjson_batch
2026-05-03T02:55:53Z,E-LOW-12,SCENARIO_E,LOW,12,legitimate_operational_noise,benign,benign_no_attack,"health-app;telemetry-api;vulnerable-app;mqtt-broker",local_ndjson_batch
2026-05-03T02:56:40Z,E-LOW-13,SCENARIO_E,LOW,13,legitimate_operational_noise,benign,benign_no_attack,"health-app;telemetry-api;vulnerable-app;mqtt-broker",local_ndjson_batch
2026-05-03T02:57:28Z,E-LOW-14,SCENARIO_E,LOW,14,legitimate_operational_noise,benign,benign_no_attack,"health-app;telemetry-api;vulnerable-app;mqtt-broker",local_ndjson_batch
2026-05-03T02:58:16Z,E-LOW-15,SCENARIO_E,LOW,15,legitimate_operational_noise,benign,benign_no_attack,"health-app;telemetry-api;vulnerable-app;mqtt-broker",local_ndjson_batch
2026-05-03T02:59:03Z,E-LOW-16,SCENARIO_E,LOW,16,legitimate_operational_noise,benign,benign_no_attack,"health-app;telemetry-api;vulnerable-app;mqtt-broker",local_ndjson_batch
2026-05-03T02:59:51Z,E-LOW-17,SCENARIO_E,LOW,17,legitimate_operational_noise,benign,benign_no_attack,"health-app;telemetry-api;vulnerable-app;mqtt-broker",local_ndjson_batch
2026-05-03T03:00:39Z,E-LOW-18,SCENARIO_E,LOW,18,legitimate_operational_noise,benign,benign_no_attack,"health-app;telemetry-api;vulnerable-app;mqtt-broker",local_ndjson_batch
2026-05-03T03:01:27Z,E-LOW-19,SCENARIO_E,LOW,19,legitimate_operational_noise,benign,benign_no_attack,"health-app;telemetry-api;vulnerable-app;mqtt-broker",local_ndjson_batch
2026-05-03T03:02:14Z,E-LOW-20,SCENARIO_E,LOW,20,legitimate_operational_noise,benign,benign_no_attack,"health-app;telemetry-api;vulnerable-app;mqtt-broker",local_ndjson_batch
2026-05-03T03:03:02Z,E-MEDIUM-1,SCENARIO_E,MEDIUM,1,legitimate_operational_noise,benign,benign_no_attack,"health-app;telemetry-api;vulnerable-app;mqtt-broker",local_ndjson_batch
2026-05-03T03:03:50Z,E-MEDIUM-2,SCENARIO_E,MEDIUM,2,legitimate_operational_noise,benign,benign_no_attack,"health-app;telemetry-api;vulnerable-app;mqtt-broker",local_ndjson_batch
2026-05-03T03:04:38Z,E-MEDIUM-3,SCENARIO_E,MEDIUM,3,legitimate_operational_noise,benign,benign_no_attack,"health-app;telemetry-api;vulnerable-app;mqtt-broker",local_ndjson_batch
2026-05-03T03:05:25Z,E-MEDIUM-4,SCENARIO_E,MEDIUM,4,legitimate_operational_noise,benign,benign_no_attack,"health-app;telemetry-api;vulnerable-app;mqtt-broker",local_ndjson_batch
2026-05-03T03:06:13Z,E-MEDIUM-5,SCENARIO_E,MEDIUM,5,legitimate_operational_noise,benign,benign_no_attack,"health-app;telemetry-api;vulnerable-app;mqtt-broker",local_ndjson_batch
2026-05-03T03:07:01Z,E-MEDIUM-6,SCENARIO_E,MEDIUM,6,legitimate_operational_noise,benign,benign_no_attack,"health-app;telemetry-api;vulnerable-app;mqtt-broker",local_ndjson_batch
2026-05-03T03:07:49Z,E-MEDIUM-7,SCENARIO_E,MEDIUM,7,legitimate_operational_noise,benign,benign_no_attack,"health-app;telemetry-api;vulnerable-app;mqtt-broker",local_ndjson_batch
2026-05-03T03:08:37Z,E-MEDIUM-8,SCENARIO_E,MEDIUM,8,legitimate_operational_noise,benign,benign_no_attack,"health-app;telemetry-api;vulnerable-app;mqtt-broker",local_ndjson_batch
2026-05-03T03:09:25Z,E-MEDIUM-9,SCENARIO_E,MEDIUM,9,legitimate_operational_noise,benign,benign_no_attack,"health-app;telemetry-api;vulnerable-app;mqtt-broker",local_ndjson_batch
2026-05-03T03:10:12Z,E-MEDIUM-10,SCENARIO_E,MEDIUM,10,legitimate_operational_noise,benign,benign_no_attack,"health-app;telemetry-api;vulnerable-app;mqtt-broker",local_ndjson_batch
2026-05-03T03:11:00Z,E-MEDIUM-11,SCENARIO_E,MEDIUM,11,legitimate_operational_noise,benign,benign_no_attack,"health-app;telemetry-api;vulnerable-app;mqtt-broker",local_ndjson_batch
2026-05-03T03:11:48Z,E-MEDIUM-12,SCENARIO_E,MEDIUM,12,legitimate_operational_noise,benign,benign_no_attack,"health-app;telemetry-api;vulnerable-app;mqtt-broker",local_ndjson_batch
2026-05-03T03:12:36Z,E-MEDIUM-13,SCENARIO_E,MEDIUM,13,legitimate_operational_noise,benign,benign_no_attack,"health-app;telemetry-api;vulnerable-app;mqtt-broker",local_ndjson_batch
2026-05-03T03:13:24Z,E-MEDIUM-14,SCENARIO_E,MEDIUM,14,legitimate_operational_noise,benign,benign_no_attack,"health-app;telemetry-api;vulnerable-app;mqtt-broker",local_ndjson_batch
2026-05-03T03:14:11Z,E-MEDIUM-15,SCENARIO_E,MEDIUM,15,legitimate_operational_noise,benign,benign_no_attack,"health-app;telemetry-api;vulnerable-app;mqtt-broker",local_ndjson_batch
2026-05-03T03:14:59Z,E-MEDIUM-16,SCENARIO_E,MEDIUM,16,legitimate_operational_noise,benign,benign_no_attack,"health-app;telemetry-api;vulnerable-app;mqtt-broker",local_ndjson_batch
2026-05-03T03:15:47Z,E-MEDIUM-17,SCENARIO_E,MEDIUM,17,legitimate_operational_noise,benign,benign_no_attack,"health-app;telemetry-api;vulnerable-app;mqtt-broker",local_ndjson_batch
2026-05-03T03:16:35Z,E-MEDIUM-18,SCENARIO_E,MEDIUM,18,legitimate_operational_noise,benign,benign_no_attack,"health-app;telemetry-api;vulnerable-app;mqtt-broker",local_ndjson_batch
2026-05-03T03:17:23Z,E-MEDIUM-19,SCENARIO_E,MEDIUM,19,legitimate_operational_noise,benign,benign_no_attack,"health-app;telemetry-api;vulnerable-app;mqtt-broker",local_ndjson_batch
2026-05-03T03:18:11Z,E-MEDIUM-20,SCENARIO_E,MEDIUM,20,legitimate_operational_noise,benign,benign_no_attack,"health-app;telemetry-api;vulnerable-app;mqtt-broker",local_ndjson_batch
2026-05-03T03:18:58Z,E-HIGH-1,SCENARIO_E,HIGH,1,legitimate_operational_noise,benign,benign_no_attack,"health-app;telemetry-api;vulnerable-app;mqtt-broker",local_ndjson_batch
2026-05-03T03:19:48Z,E-HIGH-2,SCENARIO_E,HIGH,2,legitimate_operational_noise,benign,benign_no_attack,"health-app;telemetry-api;vulnerable-app;mqtt-broker",local_ndjson_batch
2026-05-03T03:20:37Z,E-HIGH-3,SCENARIO_E,HIGH,3,legitimate_operational_noise,benign,benign_no_attack,"health-app;telemetry-api;vulnerable-app;mqtt-broker",local_ndjson_batch
2026-05-03T03:21:25Z,E-HIGH-4,SCENARIO_E,HIGH,4,legitimate_operational_noise,benign,benign_no_attack,"health-app;telemetry-api;vulnerable-app;mqtt-broker",local_ndjson_batch
2026-05-03T03:22:14Z,E-HIGH-5,SCENARIO_E,HIGH,5,legitimate_operational_noise,benign,benign_no_attack,"health-app;telemetry-api;vulnerable-app;mqtt-broker",local_ndjson_batch
2026-05-03T03:23:03Z,E-HIGH-6,SCENARIO_E,HIGH,6,legitimate_operational_noise,benign,benign_no_attack,"health-app;telemetry-api;vulnerable-app;mqtt-broker",local_ndjson_batch
2026-05-03T03:23:51Z,E-HIGH-7,SCENARIO_E,HIGH,7,legitimate_operational_noise,benign,benign_no_attack,"health-app;telemetry-api;vulnerable-app;mqtt-broker",local_ndjson_batch
2026-05-03T03:24:40Z,E-HIGH-8,SCENARIO_E,HIGH,8,legitimate_operational_noise,benign,benign_no_attack,"health-app;telemetry-api;vulnerable-app;mqtt-broker",local_ndjson_batch
2026-05-03T03:25:29Z,E-HIGH-9,SCENARIO_E,HIGH,9,legitimate_operational_noise,benign,benign_no_attack,"health-app;telemetry-api;vulnerable-app;mqtt-broker",local_ndjson_batch
2026-05-03T03:26:19Z,E-HIGH-10,SCENARIO_E,HIGH,10,legitimate_operational_noise,benign,benign_no_attack,"health-app;telemetry-api;vulnerable-app;mqtt-broker",local_ndjson_batch
2026-05-03T03:27:09Z,E-HIGH-11,SCENARIO_E,HIGH,11,legitimate_operational_noise,benign,benign_no_attack,"health-app;telemetry-api;vulnerable-app;mqtt-broker",local_ndjson_batch
2026-05-03T03:28:29Z,E-HIGH-12,SCENARIO_E,HIGH,12,legitimate_operational_noise,benign,benign_no_attack,"health-app;telemetry-api;vulnerable-app;mqtt-broker",local_ndjson_batch
2026-05-03T03:29:17Z,E-HIGH-13,SCENARIO_E,HIGH,13,legitimate_operational_noise,benign,benign_no_attack,"health-app;telemetry-api;vulnerable-app;mqtt-broker",local_ndjson_batch
2026-05-03T03:30:06Z,E-HIGH-14,SCENARIO_E,HIGH,14,legitimate_operational_noise,benign,benign_no_attack,"health-app;telemetry-api;vulnerable-app;mqtt-broker",local_ndjson_batch
2026-05-03T03:30:55Z,E-HIGH-15,SCENARIO_E,HIGH,15,legitimate_operational_noise,benign,benign_no_attack,"health-app;telemetry-api;vulnerable-app;mqtt-broker",local_ndjson_batch
2026-05-03T03:31:44Z,E-HIGH-16,SCENARIO_E,HIGH,16,legitimate_operational_noise,benign,benign_no_attack,"health-app;telemetry-api;vulnerable-app;mqtt-broker",local_ndjson_batch
2026-05-03T03:32:33Z,E-HIGH-17,SCENARIO_E,HIGH,17,legitimate_operational_noise,benign,benign_no_attack,"health-app;telemetry-api;vulnerable-app;mqtt-broker",local_ndjson_batch
2026-05-03T03:33:24Z,E-HIGH-18,SCENARIO_E,HIGH,18,legitimate_operational_noise,benign,benign_no_attack,"health-app;telemetry-api;vulnerable-app;mqtt-broker",local_ndjson_batch
2026-05-03T03:34:12Z,E-HIGH-19,SCENARIO_E,HIGH,19,legitimate_operational_noise,benign,benign_no_attack,"health-app;telemetry-api;vulnerable-app;mqtt-broker",local_ndjson_batch
2026-05-03T03:35:00Z,E-HIGH-20,SCENARIO_E,HIGH,20,legitimate_operational_noise,benign,benign_no_attack,"health-app;telemetry-api;vulnerable-app;mqtt-broker",local_ndjson_batch
