timestamp_utc,scenario_id,execution_id,iteration,attack_id,technique_id,source,target,event_type,severity,metric_name,metric_value,unit,zabbix_itemid,zabbix_event_id,wazuh_alert_id,correlation_window_seconds,dataset_source,raw_file,raw_row_hash
2026-05-02T19:43:05Z,SCENARIO_D,D-T0809-1,1,T0809,T0809,attack_script,mosquitto,attack_execution,controlled,attack_execution,1,event,,,,,mitre_ics_attacks,results/raw/scenario_d/mitre_ics_attacks.csv,bd698998761dfd30
2026-05-02T19:43:11Z,SCENARIO_D,D-T0814-1,1,T0814,T0814,attack_script,telemetry-api,attack_execution,controlled,attack_execution,1,event,,,,,mitre_ics_attacks,results/raw/scenario_d/mitre_ics_attacks.csv,c242db1543f4f999
2026-05-02T19:43:18Z,SCENARIO_D,D-T0860-1,1,T0860,T0860,attack_script,vulnerable-app,attack_execution,controlled,attack_execution,1,event,,,,,mitre_ics_attacks,results/raw/scenario_d/mitre_ics_attacks.csv,df887ba51ce38f3d
2026-05-02T19:43:31Z,SCENARIO_D,D-T0809-2,2,T0809,T0809,attack_script,mosquitto,attack_execution,controlled,attack_execution,1,event,,,,,mitre_ics_attacks,results/raw/scenario_d/mitre_ics_attacks.csv,d0070d56343e25b9
2026-05-02T19:43:38Z,SCENARIO_D,D-T0814-2,2,T0814,T0814,attack_script,telemetry-api,attack_execution,controlled,attack_execution,1,event,,,,,mitre_ics_attacks,results/raw/scenario_d/mitre_ics_attacks.csv,6f818b45578d73b1
2026-05-02T19:43:44Z,SCENARIO_D,D-T0860-2,2,T0860,T0860,attack_script,vulnerable-app,attack_execution,controlled,attack_execution,1,event,,,,,mitre_ics_attacks,results/raw/scenario_d/mitre_ics_attacks.csv,2ccbcae8aac4c427
2026-05-02T19:43:58Z,SCENARIO_D,D-T0809-3,3,T0809,T0809,attack_script,mosquitto,attack_execution,controlled,attack_execution,1,event,,,,,mitre_ics_attacks,results/raw/scenario_d/mitre_ics_attacks.csv,ada315119a129d1b
2026-05-02T19:44:05Z,SCENARIO_D,D-T0814-3,3,T0814,T0814,attack_script,telemetry-api,attack_execution,controlled,attack_execution,1,event,,,,,mitre_ics_attacks,results/raw/scenario_d/mitre_ics_attacks.csv,9c74de6bb17c78f1
2026-05-02T19:44:11Z,SCENARIO_D,D-T0860-3,3,T0860,T0860,attack_script,vulnerable-app,attack_execution,controlled,attack_execution,1,event,,,,,mitre_ics_attacks,results/raw/scenario_d/mitre_ics_attacks.csv,3dd3b6cd28ac9e48
2026-05-02T19:44:25Z,SCENARIO_D,D-T0809-4,4,T0809,T0809,attack_script,mosquitto,attack_execution,controlled,attack_execution,1,event,,,,,mitre_ics_attacks,results/raw/scenario_d/mitre_ics_attacks.csv,4bea735fa0da2b00
2026-05-02T19:44:31Z,SCENARIO_D,D-T0814-4,4,T0814,T0814,attack_script,telemetry-api,attack_execution,controlled,attack_execution,1,event,,,,,mitre_ics_attacks,results/raw/scenario_d/mitre_ics_attacks.csv,da65c94f2e69beaa
2026-05-02T19:44:38Z,SCENARIO_D,D-T0860-4,4,T0860,T0860,attack_script,vulnerable-app,attack_execution,controlled,attack_execution,1,event,,,,,mitre_ics_attacks,results/raw/scenario_d/mitre_ics_attacks.csv,02701709528f6245
2026-05-02T19:44:53Z,SCENARIO_D,D-T0809-5,5,T0809,T0809,attack_script,mosquitto,attack_execution,controlled,attack_execution,1,event,,,,,mitre_ics_attacks,results/raw/scenario_d/mitre_ics_attacks.csv,4834bfac636a20f3
2026-05-02T19:45:00Z,SCENARIO_D,D-T0814-5,5,T0814,T0814,attack_script,telemetry-api,attack_execution,controlled,attack_execution,1,event,,,,,mitre_ics_attacks,results/raw/scenario_d/mitre_ics_attacks.csv,8f87d025213a8ce9
2026-05-02T19:45:08Z,SCENARIO_D,D-T0860-5,5,T0860,T0860,attack_script,vulnerable-app,attack_execution,controlled,attack_execution,1,event,,,,,mitre_ics_attacks,results/raw/scenario_d/mitre_ics_attacks.csv,b70b9823c9490a8c
2026-05-02T19:45:24Z,SCENARIO_D,D-T0809-6,6,T0809,T0809,attack_script,mosquitto,attack_execution,controlled,attack_execution,1,event,,,,,mitre_ics_attacks,results/raw/scenario_d/mitre_ics_attacks.csv,67e5913afdc8ac83
2026-05-02T19:45:31Z,SCENARIO_D,D-T0814-6,6,T0814,T0814,attack_script,telemetry-api,attack_execution,controlled,attack_execution,1,event,,,,,mitre_ics_attacks,results/raw/scenario_d/mitre_ics_attacks.csv,de42c11306b8b071
2026-05-02T19:45:40Z,SCENARIO_D,D-T0860-6,6,T0860,T0860,attack_script,vulnerable-app,attack_execution,controlled,attack_execution,1,event,,,,,mitre_ics_attacks,results/raw/scenario_d/mitre_ics_attacks.csv,a74aa260d0a607fe
2026-05-02T19:45:54Z,SCENARIO_D,D-T0809-7,7,T0809,T0809,attack_script,mosquitto,attack_execution,controlled,attack_execution,1,event,,,,,mitre_ics_attacks,results/raw/scenario_d/mitre_ics_attacks.csv,4aa7f312a2bb7efa
2026-05-02T19:46:01Z,SCENARIO_D,D-T0814-7,7,T0814,T0814,attack_script,telemetry-api,attack_execution,controlled,attack_execution,1,event,,,,,mitre_ics_attacks,results/raw/scenario_d/mitre_ics_attacks.csv,f9373978b628f1dd
2026-05-02T19:46:08Z,SCENARIO_D,D-T0860-7,7,T0860,T0860,attack_script,vulnerable-app,attack_execution,controlled,attack_execution,1,event,,,,,mitre_ics_attacks,results/raw/scenario_d/mitre_ics_attacks.csv,8c2c2aedfbc990ac
2026-05-02T19:46:21Z,SCENARIO_D,D-T0809-8,8,T0809,T0809,attack_script,mosquitto,attack_execution,controlled,attack_execution,1,event,,,,,mitre_ics_attacks,results/raw/scenario_d/mitre_ics_attacks.csv,08eb82d2989a6240
2026-05-02T19:46:28Z,SCENARIO_D,D-T0814-8,8,T0814,T0814,attack_script,telemetry-api,attack_execution,controlled,attack_execution,1,event,,,,,mitre_ics_attacks,results/raw/scenario_d/mitre_ics_attacks.csv,5f36c68b1d1351f0
2026-05-02T19:46:35Z,SCENARIO_D,D-T0860-8,8,T0860,T0860,attack_script,vulnerable-app,attack_execution,controlled,attack_execution,1,event,,,,,mitre_ics_attacks,results/raw/scenario_d/mitre_ics_attacks.csv,6ec7630058cadaca
2026-05-02T19:46:49Z,SCENARIO_D,D-T0809-9,9,T0809,T0809,attack_script,mosquitto,attack_execution,controlled,attack_execution,1,event,,,,,mitre_ics_attacks,results/raw/scenario_d/mitre_ics_attacks.csv,fca26eddfaf9c4ab
2026-05-02T19:46:56Z,SCENARIO_D,D-T0814-9,9,T0814,T0814,attack_script,telemetry-api,attack_execution,controlled,attack_execution,1,event,,,,,mitre_ics_attacks,results/raw/scenario_d/mitre_ics_attacks.csv,8daa39f02dab3bbd
2026-05-02T19:47:03Z,SCENARIO_D,D-T0860-9,9,T0860,T0860,attack_script,vulnerable-app,attack_execution,controlled,attack_execution,1,event,,,,,mitre_ics_attacks,results/raw/scenario_d/mitre_ics_attacks.csv,ac4fcda75d04c7bc
2026-05-02T19:47:16Z,SCENARIO_D,D-T0809-10,10,T0809,T0809,attack_script,mosquitto,attack_execution,controlled,attack_execution,1,event,,,,,mitre_ics_attacks,results/raw/scenario_d/mitre_ics_attacks.csv,78b6f1321433aa47
2026-05-02T19:47:25Z,SCENARIO_D,D-T0814-10,10,T0814,T0814,attack_script,telemetry-api,attack_execution,controlled,attack_execution,1,event,,,,,mitre_ics_attacks,results/raw/scenario_d/mitre_ics_attacks.csv,bd53353046b78615
2026-05-02T19:47:32Z,SCENARIO_D,D-T0860-10,10,T0860,T0860,attack_script,vulnerable-app,attack_execution,controlled,attack_execution,1,event,,,,,mitre_ics_attacks,results/raw/scenario_d/mitre_ics_attacks.csv,6ee3766b7e6e0ea4
2026-05-02T19:47:48Z,SCENARIO_D,D-T0809-11,11,T0809,T0809,attack_script,mosquitto,attack_execution,controlled,attack_execution,1,event,,,,,mitre_ics_attacks,results/raw/scenario_d/mitre_ics_attacks.csv,7d68facfbcb64dd1
2026-05-02T19:47:56Z,SCENARIO_D,D-T0814-11,11,T0814,T0814,attack_script,telemetry-api,attack_execution,controlled,attack_execution,1,event,,,,,mitre_ics_attacks,results/raw/scenario_d/mitre_ics_attacks.csv,d1de0e0cbc3a083d
2026-05-02T19:48:03Z,SCENARIO_D,D-T0860-11,11,T0860,T0860,attack_script,vulnerable-app,attack_execution,controlled,attack_execution,1,event,,,,,mitre_ics_attacks,results/raw/scenario_d/mitre_ics_attacks.csv,cb722358fee1f42e
2026-05-02T19:48:17Z,SCENARIO_D,D-T0809-12,12,T0809,T0809,attack_script,mosquitto,attack_execution,controlled,attack_execution,1,event,,,,,mitre_ics_attacks,results/raw/scenario_d/mitre_ics_attacks.csv,2911354b5ec8e61e
2026-05-02T19:48:25Z,SCENARIO_D,D-T0814-12,12,T0814,T0814,attack_script,telemetry-api,attack_execution,controlled,attack_execution,1,event,,,,,mitre_ics_attacks,results/raw/scenario_d/mitre_ics_attacks.csv,d780d4cb6831ab05
2026-05-02T19:48:33Z,SCENARIO_D,D-T0860-12,12,T0860,T0860,attack_script,vulnerable-app,attack_execution,controlled,attack_execution,1,event,,,,,mitre_ics_attacks,results/raw/scenario_d/mitre_ics_attacks.csv,684343b37eba6089
2026-05-02T19:48:47Z,SCENARIO_D,D-T0809-13,13,T0809,T0809,attack_script,mosquitto,attack_execution,controlled,attack_execution,1,event,,,,,mitre_ics_attacks,results/raw/scenario_d/mitre_ics_attacks.csv,b44798415a11dceb
2026-05-02T19:48:55Z,SCENARIO_D,D-T0814-13,13,T0814,T0814,attack_script,telemetry-api,attack_execution,controlled,attack_execution,1,event,,,,,mitre_ics_attacks,results/raw/scenario_d/mitre_ics_attacks.csv,94c5cfd1cb605d28
2026-05-02T19:49:02Z,SCENARIO_D,D-T0860-13,13,T0860,T0860,attack_script,vulnerable-app,attack_execution,controlled,attack_execution,1,event,,,,,mitre_ics_attacks,results/raw/scenario_d/mitre_ics_attacks.csv,bedd60e30151775a
2026-05-02T19:49:15Z,SCENARIO_D,D-T0809-14,14,T0809,T0809,attack_script,mosquitto,attack_execution,controlled,attack_execution,1,event,,,,,mitre_ics_attacks,results/raw/scenario_d/mitre_ics_attacks.csv,36750eb6cbf6fcdf
2026-05-02T19:49:23Z,SCENARIO_D,D-T0814-14,14,T0814,T0814,attack_script,telemetry-api,attack_execution,controlled,attack_execution,1,event,,,,,mitre_ics_attacks,results/raw/scenario_d/mitre_ics_attacks.csv,51717800b9c52aaf
2026-05-02T19:49:29Z,SCENARIO_D,D-T0860-14,14,T0860,T0860,attack_script,vulnerable-app,attack_execution,controlled,attack_execution,1,event,,,,,mitre_ics_attacks,results/raw/scenario_d/mitre_ics_attacks.csv,1b63ca20e89da1e1
2026-05-02T19:49:42Z,SCENARIO_D,D-T0809-15,15,T0809,T0809,attack_script,mosquitto,attack_execution,controlled,attack_execution,1,event,,,,,mitre_ics_attacks,results/raw/scenario_d/mitre_ics_attacks.csv,db16f6ec5a9ca76d
2026-05-02T19:49:48Z,SCENARIO_D,D-T0814-15,15,T0814,T0814,attack_script,telemetry-api,attack_execution,controlled,attack_execution,1,event,,,,,mitre_ics_attacks,results/raw/scenario_d/mitre_ics_attacks.csv,cd8cf1d017bd01b0
2026-05-02T19:49:56Z,SCENARIO_D,D-T0860-15,15,T0860,T0860,attack_script,vulnerable-app,attack_execution,controlled,attack_execution,1,event,,,,,mitre_ics_attacks,results/raw/scenario_d/mitre_ics_attacks.csv,4dede28165010986
2026-05-02T19:50:09Z,SCENARIO_D,D-T0809-16,16,T0809,T0809,attack_script,mosquitto,attack_execution,controlled,attack_execution,1,event,,,,,mitre_ics_attacks,results/raw/scenario_d/mitre_ics_attacks.csv,35ba4d26d5b08980
2026-05-02T19:50:17Z,SCENARIO_D,D-T0814-16,16,T0814,T0814,attack_script,telemetry-api,attack_execution,controlled,attack_execution,1,event,,,,,mitre_ics_attacks,results/raw/scenario_d/mitre_ics_attacks.csv,8f34d4c1b5c8c294
2026-05-02T19:50:24Z,SCENARIO_D,D-T0860-16,16,T0860,T0860,attack_script,vulnerable-app,attack_execution,controlled,attack_execution,1,event,,,,,mitre_ics_attacks,results/raw/scenario_d/mitre_ics_attacks.csv,b4ebda62e5bb051e
2026-05-02T19:50:38Z,SCENARIO_D,D-T0809-17,17,T0809,T0809,attack_script,mosquitto,attack_execution,controlled,attack_execution,1,event,,,,,mitre_ics_attacks,results/raw/scenario_d/mitre_ics_attacks.csv,690adf4ffef9dbf1
2026-05-02T19:50:45Z,SCENARIO_D,D-T0814-17,17,T0814,T0814,attack_script,telemetry-api,attack_execution,controlled,attack_execution,1,event,,,,,mitre_ics_attacks,results/raw/scenario_d/mitre_ics_attacks.csv,0f336da7bcdec7fe
2026-05-02T19:50:51Z,SCENARIO_D,D-T0860-17,17,T0860,T0860,attack_script,vulnerable-app,attack_execution,controlled,attack_execution,1,event,,,,,mitre_ics_attacks,results/raw/scenario_d/mitre_ics_attacks.csv,284b9bcecba66d52
2026-05-02T19:51:05Z,SCENARIO_D,D-T0809-18,18,T0809,T0809,attack_script,mosquitto,attack_execution,controlled,attack_execution,1,event,,,,,mitre_ics_attacks,results/raw/scenario_d/mitre_ics_attacks.csv,23653ebfdadbbd4d
2026-05-02T19:51:12Z,SCENARIO_D,D-T0814-18,18,T0814,T0814,attack_script,telemetry-api,attack_execution,controlled,attack_execution,1,event,,,,,mitre_ics_attacks,results/raw/scenario_d/mitre_ics_attacks.csv,c529c90494b11faa
2026-05-02T19:51:18Z,SCENARIO_D,D-T0860-18,18,T0860,T0860,attack_script,vulnerable-app,attack_execution,controlled,attack_execution,1,event,,,,,mitre_ics_attacks,results/raw/scenario_d/mitre_ics_attacks.csv,148c22234d969e6a
2026-05-02T19:51:31Z,SCENARIO_D,D-T0809-19,19,T0809,T0809,attack_script,mosquitto,attack_execution,controlled,attack_execution,1,event,,,,,mitre_ics_attacks,results/raw/scenario_d/mitre_ics_attacks.csv,07cb2a183febb021
2026-05-02T19:51:39Z,SCENARIO_D,D-T0814-19,19,T0814,T0814,attack_script,telemetry-api,attack_execution,controlled,attack_execution,1,event,,,,,mitre_ics_attacks,results/raw/scenario_d/mitre_ics_attacks.csv,21a88dfa2c57287e
2026-05-02T19:51:47Z,SCENARIO_D,D-T0860-19,19,T0860,T0860,attack_script,vulnerable-app,attack_execution,controlled,attack_execution,1,event,,,,,mitre_ics_attacks,results/raw/scenario_d/mitre_ics_attacks.csv,1e1ebc35f4a3562d
2026-05-02T19:52:01Z,SCENARIO_D,D-T0809-20,20,T0809,T0809,attack_script,mosquitto,attack_execution,controlled,attack_execution,1,event,,,,,mitre_ics_attacks,results/raw/scenario_d/mitre_ics_attacks.csv,3237b037859b0f8a
2026-05-02T19:52:09Z,SCENARIO_D,D-T0814-20,20,T0814,T0814,attack_script,telemetry-api,attack_execution,controlled,attack_execution,1,event,,,,,mitre_ics_attacks,results/raw/scenario_d/mitre_ics_attacks.csv,8a5205465a6145fb
2026-05-02T19:52:16Z,SCENARIO_D,D-T0860-20,20,T0860,T0860,attack_script,vulnerable-app,attack_execution,controlled,attack_execution,1,event,,,,,mitre_ics_attacks,results/raw/scenario_d/mitre_ics_attacks.csv,79b273e3c14ae5da
2026-05-02T19:43:05Z,SCENARIO_D,D-T0809-1,1,T0809,T0809,wazuh_localfile_json,mosquitto,Unauthorized Command Message,security,wazuh_detection_event,1,event,,,,,wazuh_security_events,results/raw/scenario_d/wazuh_security_events.csv,cdb99df5064ba664
2026-05-02T19:43:11Z,SCENARIO_D,D-T0814-1,1,T0814,T0814,wazuh_localfile_json,telemetry-api,Data Manipulation,security,wazuh_detection_event,1,event,,,,,wazuh_security_events,results/raw/scenario_d/wazuh_security_events.csv,85837900c4293016
2026-05-02T19:43:18Z,SCENARIO_D,D-T0860-1,1,T0860,T0860,wazuh_localfile_json,vulnerable-app,Denial of Service,security,wazuh_detection_event,1,event,,,,,wazuh_security_events,results/raw/scenario_d/wazuh_security_events.csv,4c17fe5d36922e60
2026-05-02T19:43:31Z,SCENARIO_D,D-T0809-2,2,T0809,T0809,wazuh_localfile_json,mosquitto,Unauthorized Command Message,security,wazuh_detection_event,1,event,,,,,wazuh_security_events,results/raw/scenario_d/wazuh_security_events.csv,20627d99d47deb49
2026-05-02T19:43:38Z,SCENARIO_D,D-T0814-2,2,T0814,T0814,wazuh_localfile_json,telemetry-api,Data Manipulation,security,wazuh_detection_event,1,event,,,,,wazuh_security_events,results/raw/scenario_d/wazuh_security_events.csv,230280f822a51297
2026-05-02T19:43:44Z,SCENARIO_D,D-T0860-2,2,T0860,T0860,wazuh_localfile_json,vulnerable-app,Denial of Service,security,wazuh_detection_event,1,event,,,,,wazuh_security_events,results/raw/scenario_d/wazuh_security_events.csv,00ca9f4f9f6b2d42
2026-05-02T19:43:58Z,SCENARIO_D,D-T0809-3,3,T0809,T0809,wazuh_localfile_json,mosquitto,Unauthorized Command Message,security,wazuh_detection_event,1,event,,,,,wazuh_security_events,results/raw/scenario_d/wazuh_security_events.csv,da4d4f0bf1bcaa70
2026-05-02T19:44:05Z,SCENARIO_D,D-T0814-3,3,T0814,T0814,wazuh_localfile_json,telemetry-api,Data Manipulation,security,wazuh_detection_event,1,event,,,,,wazuh_security_events,results/raw/scenario_d/wazuh_security_events.csv,39c9582455db39ad
2026-05-02T19:44:11Z,SCENARIO_D,D-T0860-3,3,T0860,T0860,wazuh_localfile_json,vulnerable-app,Denial of Service,security,wazuh_detection_event,1,event,,,,,wazuh_security_events,results/raw/scenario_d/wazuh_security_events.csv,aa50e0ca36f6dac1
2026-05-02T19:44:25Z,SCENARIO_D,D-T0809-4,4,T0809,T0809,wazuh_localfile_json,mosquitto,Unauthorized Command Message,security,wazuh_detection_event,1,event,,,,,wazuh_security_events,results/raw/scenario_d/wazuh_security_events.csv,f1b86334e912f6f2
2026-05-02T19:44:31Z,SCENARIO_D,D-T0814-4,4,T0814,T0814,wazuh_localfile_json,telemetry-api,Data Manipulation,security,wazuh_detection_event,1,event,,,,,wazuh_security_events,results/raw/scenario_d/wazuh_security_events.csv,6ab225c9bf1fdb37
2026-05-02T19:44:38Z,SCENARIO_D,D-T0860-4,4,T0860,T0860,wazuh_localfile_json,vulnerable-app,Denial of Service,security,wazuh_detection_event,1,event,,,,,wazuh_security_events,results/raw/scenario_d/wazuh_security_events.csv,22e74abf6b246781
2026-05-02T19:44:53Z,SCENARIO_D,D-T0809-5,5,T0809,T0809,wazuh_localfile_json,mosquitto,Unauthorized Command Message,security,wazuh_detection_event,1,event,,,,,wazuh_security_events,results/raw/scenario_d/wazuh_security_events.csv,ca53035a4921c150
2026-05-02T19:45:00Z,SCENARIO_D,D-T0814-5,5,T0814,T0814,wazuh_localfile_json,telemetry-api,Data Manipulation,security,wazuh_detection_event,1,event,,,,,wazuh_security_events,results/raw/scenario_d/wazuh_security_events.csv,b8fa5dfee5b4f550
2026-05-02T19:45:08Z,SCENARIO_D,D-T0860-5,5,T0860,T0860,wazuh_localfile_json,vulnerable-app,Denial of Service,security,wazuh_detection_event,1,event,,,,,wazuh_security_events,results/raw/scenario_d/wazuh_security_events.csv,dcb07f38f9ce43e3
2026-05-02T19:43:05Z,SCENARIO_D,D-T0809-1,1,T0809,T0809,wazuh_localfile_json,mosquitto,Unauthorized Command Message,security,wazuh_detection_event,1,event,,,,,wazuh_security_events,results/raw/scenario_d/wazuh_security_events.csv,cdb99df5064ba664
2026-05-02T19:43:11Z,SCENARIO_D,D-T0814-1,1,T0814,T0814,wazuh_localfile_json,telemetry-api,Data Manipulation,security,wazuh_detection_event,1,event,,,,,wazuh_security_events,results/raw/scenario_d/wazuh_security_events.csv,85837900c4293016
2026-05-02T19:43:18Z,SCENARIO_D,D-T0860-1,1,T0860,T0860,wazuh_localfile_json,vulnerable-app,Denial of Service,security,wazuh_detection_event,1,event,,,,,wazuh_security_events,results/raw/scenario_d/wazuh_security_events.csv,4c17fe5d36922e60
2026-05-02T19:43:31Z,SCENARIO_D,D-T0809-2,2,T0809,T0809,wazuh_localfile_json,mosquitto,Unauthorized Command Message,security,wazuh_detection_event,1,event,,,,,wazuh_security_events,results/raw/scenario_d/wazuh_security_events.csv,20627d99d47deb49
2026-05-02T19:43:38Z,SCENARIO_D,D-T0814-2,2,T0814,T0814,wazuh_localfile_json,telemetry-api,Data Manipulation,security,wazuh_detection_event,1,event,,,,,wazuh_security_events,results/raw/scenario_d/wazuh_security_events.csv,230280f822a51297
2026-05-02T19:43:44Z,SCENARIO_D,D-T0860-2,2,T0860,T0860,wazuh_localfile_json,vulnerable-app,Denial of Service,security,wazuh_detection_event,1,event,,,,,wazuh_security_events,results/raw/scenario_d/wazuh_security_events.csv,00ca9f4f9f6b2d42
2026-05-02T19:43:58Z,SCENARIO_D,D-T0809-3,3,T0809,T0809,wazuh_localfile_json,mosquitto,Unauthorized Command Message,security,wazuh_detection_event,1,event,,,,,wazuh_security_events,results/raw/scenario_d/wazuh_security_events.csv,da4d4f0bf1bcaa70
2026-05-02T19:44:05Z,SCENARIO_D,D-T0814-3,3,T0814,T0814,wazuh_localfile_json,telemetry-api,Data Manipulation,security,wazuh_detection_event,1,event,,,,,wazuh_security_events,results/raw/scenario_d/wazuh_security_events.csv,39c9582455db39ad
2026-05-02T19:44:11Z,SCENARIO_D,D-T0860-3,3,T0860,T0860,wazuh_localfile_json,vulnerable-app,Denial of Service,security,wazuh_detection_event,1,event,,,,,wazuh_security_events,results/raw/scenario_d/wazuh_security_events.csv,aa50e0ca36f6dac1
2026-05-02T19:44:25Z,SCENARIO_D,D-T0809-4,4,T0809,T0809,wazuh_localfile_json,mosquitto,Unauthorized Command Message,security,wazuh_detection_event,1,event,,,,,wazuh_security_events,results/raw/scenario_d/wazuh_security_events.csv,f1b86334e912f6f2
2026-05-02T19:44:31Z,SCENARIO_D,D-T0814-4,4,T0814,T0814,wazuh_localfile_json,telemetry-api,Data Manipulation,security,wazuh_detection_event,1,event,,,,,wazuh_security_events,results/raw/scenario_d/wazuh_security_events.csv,6ab225c9bf1fdb37
2026-05-02T19:44:38Z,SCENARIO_D,D-T0860-4,4,T0860,T0860,wazuh_localfile_json,vulnerable-app,Denial of Service,security,wazuh_detection_event,1,event,,,,,wazuh_security_events,results/raw/scenario_d/wazuh_security_events.csv,22e74abf6b246781
2026-05-02T19:44:53Z,SCENARIO_D,D-T0809-5,5,T0809,T0809,wazuh_localfile_json,mosquitto,Unauthorized Command Message,security,wazuh_detection_event,1,event,,,,,wazuh_security_events,results/raw/scenario_d/wazuh_security_events.csv,ca53035a4921c150
2026-05-02T19:45:00Z,SCENARIO_D,D-T0814-5,5,T0814,T0814,wazuh_localfile_json,telemetry-api,Data Manipulation,security,wazuh_detection_event,1,event,,,,,wazuh_security_events,results/raw/scenario_d/wazuh_security_events.csv,b8fa5dfee5b4f550
2026-05-02T19:45:08Z,SCENARIO_D,D-T0860-5,5,T0860,T0860,wazuh_localfile_json,vulnerable-app,Denial of Service,security,wazuh_detection_event,1,event,,,,,wazuh_security_events,results/raw/scenario_d/wazuh_security_events.csv,dcb07f38f9ce43e3
2026-05-02T19:45:24Z,SCENARIO_D,D-T0809-6,6,T0809,T0809,wazuh_localfile_json,mosquitto,Unauthorized Command Message,security,wazuh_detection_event,1,event,,,,,wazuh_security_events,results/raw/scenario_d/wazuh_security_events.csv,ce9c815f10fd94b7
2026-05-02T19:45:31Z,SCENARIO_D,D-T0814-6,6,T0814,T0814,wazuh_localfile_json,telemetry-api,Data Manipulation,security,wazuh_detection_event,1,event,,,,,wazuh_security_events,results/raw/scenario_d/wazuh_security_events.csv,93ad72ba2afd88a8
2026-05-02T19:45:40Z,SCENARIO_D,D-T0860-6,6,T0860,T0860,wazuh_localfile_json,vulnerable-app,Denial of Service,security,wazuh_detection_event,1,event,,,,,wazuh_security_events,results/raw/scenario_d/wazuh_security_events.csv,f0d46016f0609139
2026-05-02T19:45:54Z,SCENARIO_D,D-T0809-7,7,T0809,T0809,wazuh_localfile_json,mosquitto,Unauthorized Command Message,security,wazuh_detection_event,1,event,,,,,wazuh_security_events,results/raw/scenario_d/wazuh_security_events.csv,a8b5116e67a4841a
2026-05-02T19:46:01Z,SCENARIO_D,D-T0814-7,7,T0814,T0814,wazuh_localfile_json,telemetry-api,Data Manipulation,security,wazuh_detection_event,1,event,,,,,wazuh_security_events,results/raw/scenario_d/wazuh_security_events.csv,07abff295cc64a95
2026-05-02T19:46:08Z,SCENARIO_D,D-T0860-7,7,T0860,T0860,wazuh_localfile_json,vulnerable-app,Denial of Service,security,wazuh_detection_event,1,event,,,,,wazuh_security_events,results/raw/scenario_d/wazuh_security_events.csv,b642f54f7965560b
2026-05-02T19:46:21Z,SCENARIO_D,D-T0809-8,8,T0809,T0809,wazuh_localfile_json,mosquitto,Unauthorized Command Message,security,wazuh_detection_event,1,event,,,,,wazuh_security_events,results/raw/scenario_d/wazuh_security_events.csv,d265ae0111d8e6ad
2026-05-02T19:46:28Z,SCENARIO_D,D-T0814-8,8,T0814,T0814,wazuh_localfile_json,telemetry-api,Data Manipulation,security,wazuh_detection_event,1,event,,,,,wazuh_security_events,results/raw/scenario_d/wazuh_security_events.csv,92ff95c0cb61e28a
2026-05-02T19:46:35Z,SCENARIO_D,D-T0860-8,8,T0860,T0860,wazuh_localfile_json,vulnerable-app,Denial of Service,security,wazuh_detection_event,1,event,,,,,wazuh_security_events,results/raw/scenario_d/wazuh_security_events.csv,08b2f6521afd96be
2026-05-02T19:46:49Z,SCENARIO_D,D-T0809-9,9,T0809,T0809,wazuh_localfile_json,mosquitto,Unauthorized Command Message,security,wazuh_detection_event,1,event,,,,,wazuh_security_events,results/raw/scenario_d/wazuh_security_events.csv,4100e8ea905cceb8
2026-05-02T19:46:56Z,SCENARIO_D,D-T0814-9,9,T0814,T0814,wazuh_localfile_json,telemetry-api,Data Manipulation,security,wazuh_detection_event,1,event,,,,,wazuh_security_events,results/raw/scenario_d/wazuh_security_events.csv,d10c24e3ed93c5d4
2026-05-02T19:47:03Z,SCENARIO_D,D-T0860-9,9,T0860,T0860,wazuh_localfile_json,vulnerable-app,Denial of Service,security,wazuh_detection_event,1,event,,,,,wazuh_security_events,results/raw/scenario_d/wazuh_security_events.csv,5cb5ddf814a572d7
2026-05-02T19:47:16Z,SCENARIO_D,D-T0809-10,10,T0809,T0809,wazuh_localfile_json,mosquitto,Unauthorized Command Message,security,wazuh_detection_event,1,event,,,,,wazuh_security_events,results/raw/scenario_d/wazuh_security_events.csv,e61ac062c176f3e9
2026-05-02T19:47:25Z,SCENARIO_D,D-T0814-10,10,T0814,T0814,wazuh_localfile_json,telemetry-api,Data Manipulation,security,wazuh_detection_event,1,event,,,,,wazuh_security_events,results/raw/scenario_d/wazuh_security_events.csv,feacbc5306dba28d
2026-05-02T19:47:32Z,SCENARIO_D,D-T0860-10,10,T0860,T0860,wazuh_localfile_json,vulnerable-app,Denial of Service,security,wazuh_detection_event,1,event,,,,,wazuh_security_events,results/raw/scenario_d/wazuh_security_events.csv,c7387581a9305946
2026-05-02T19:47:48Z,SCENARIO_D,D-T0809-11,11,T0809,T0809,wazuh_localfile_json,mosquitto,Unauthorized Command Message,security,wazuh_detection_event,1,event,,,,,wazuh_security_events,results/raw/scenario_d/wazuh_security_events.csv,67565edf9c10b4c2
2026-05-02T19:47:56Z,SCENARIO_D,D-T0814-11,11,T0814,T0814,wazuh_localfile_json,telemetry-api,Data Manipulation,security,wazuh_detection_event,1,event,,,,,wazuh_security_events,results/raw/scenario_d/wazuh_security_events.csv,5c8d95250e4f8e90
2026-05-02T19:48:03Z,SCENARIO_D,D-T0860-11,11,T0860,T0860,wazuh_localfile_json,vulnerable-app,Denial of Service,security,wazuh_detection_event,1,event,,,,,wazuh_security_events,results/raw/scenario_d/wazuh_security_events.csv,a8048b9e32cf4c37
2026-05-02T19:48:17Z,SCENARIO_D,D-T0809-12,12,T0809,T0809,wazuh_localfile_json,mosquitto,Unauthorized Command Message,security,wazuh_detection_event,1,event,,,,,wazuh_security_events,results/raw/scenario_d/wazuh_security_events.csv,06ea3ebc77dad990
2026-05-02T19:48:25Z,SCENARIO_D,D-T0814-12,12,T0814,T0814,wazuh_localfile_json,telemetry-api,Data Manipulation,security,wazuh_detection_event,1,event,,,,,wazuh_security_events,results/raw/scenario_d/wazuh_security_events.csv,8ea451789ff029fd
2026-05-02T19:48:33Z,SCENARIO_D,D-T0860-12,12,T0860,T0860,wazuh_localfile_json,vulnerable-app,Denial of Service,security,wazuh_detection_event,1,event,,,,,wazuh_security_events,results/raw/scenario_d/wazuh_security_events.csv,686744a6231082a4
2026-05-02T19:48:47Z,SCENARIO_D,D-T0809-13,13,T0809,T0809,wazuh_localfile_json,mosquitto,Unauthorized Command Message,security,wazuh_detection_event,1,event,,,,,wazuh_security_events,results/raw/scenario_d/wazuh_security_events.csv,6749d1784e00025e
2026-05-02T19:48:55Z,SCENARIO_D,D-T0814-13,13,T0814,T0814,wazuh_localfile_json,telemetry-api,Data Manipulation,security,wazuh_detection_event,1,event,,,,,wazuh_security_events,results/raw/scenario_d/wazuh_security_events.csv,f4511ce7d40a40a2
2026-05-02T19:49:02Z,SCENARIO_D,D-T0860-13,13,T0860,T0860,wazuh_localfile_json,vulnerable-app,Denial of Service,security,wazuh_detection_event,1,event,,,,,wazuh_security_events,results/raw/scenario_d/wazuh_security_events.csv,efdc70d6bc085081
2026-05-02T19:49:15Z,SCENARIO_D,D-T0809-14,14,T0809,T0809,wazuh_localfile_json,mosquitto,Unauthorized Command Message,security,wazuh_detection_event,1,event,,,,,wazuh_security_events,results/raw/scenario_d/wazuh_security_events.csv,97de8350aaf385f0
2026-05-02T19:49:23Z,SCENARIO_D,D-T0814-14,14,T0814,T0814,wazuh_localfile_json,telemetry-api,Data Manipulation,security,wazuh_detection_event,1,event,,,,,wazuh_security_events,results/raw/scenario_d/wazuh_security_events.csv,79ee4203f4629ea9
2026-05-02T19:49:29Z,SCENARIO_D,D-T0860-14,14,T0860,T0860,wazuh_localfile_json,vulnerable-app,Denial of Service,security,wazuh_detection_event,1,event,,,,,wazuh_security_events,results/raw/scenario_d/wazuh_security_events.csv,20674d302e18b54d
2026-05-02T19:49:42Z,SCENARIO_D,D-T0809-15,15,T0809,T0809,wazuh_localfile_json,mosquitto,Unauthorized Command Message,security,wazuh_detection_event,1,event,,,,,wazuh_security_events,results/raw/scenario_d/wazuh_security_events.csv,feb3f326567b07a4
2026-05-02T19:49:48Z,SCENARIO_D,D-T0814-15,15,T0814,T0814,wazuh_localfile_json,telemetry-api,Data Manipulation,security,wazuh_detection_event,1,event,,,,,wazuh_security_events,results/raw/scenario_d/wazuh_security_events.csv,8d3bc5931e2873ad
2026-05-02T19:49:56Z,SCENARIO_D,D-T0860-15,15,T0860,T0860,wazuh_localfile_json,vulnerable-app,Denial of Service,security,wazuh_detection_event,1,event,,,,,wazuh_security_events,results/raw/scenario_d/wazuh_security_events.csv,0ff3e8288d3f5788
2026-05-02T19:50:09Z,SCENARIO_D,D-T0809-16,16,T0809,T0809,wazuh_localfile_json,mosquitto,Unauthorized Command Message,security,wazuh_detection_event,1,event,,,,,wazuh_security_events,results/raw/scenario_d/wazuh_security_events.csv,843b33d33ec1d9fb
2026-05-02T19:50:17Z,SCENARIO_D,D-T0814-16,16,T0814,T0814,wazuh_localfile_json,telemetry-api,Data Manipulation,security,wazuh_detection_event,1,event,,,,,wazuh_security_events,results/raw/scenario_d/wazuh_security_events.csv,d0d2c1429d035546
2026-05-02T19:50:24Z,SCENARIO_D,D-T0860-16,16,T0860,T0860,wazuh_localfile_json,vulnerable-app,Denial of Service,security,wazuh_detection_event,1,event,,,,,wazuh_security_events,results/raw/scenario_d/wazuh_security_events.csv,ad66de611d3e0e6e
2026-05-02T19:50:38Z,SCENARIO_D,D-T0809-17,17,T0809,T0809,wazuh_localfile_json,mosquitto,Unauthorized Command Message,security,wazuh_detection_event,1,event,,,,,wazuh_security_events,results/raw/scenario_d/wazuh_security_events.csv,0b7c5db31d3f15bd
2026-05-02T19:50:45Z,SCENARIO_D,D-T0814-17,17,T0814,T0814,wazuh_localfile_json,telemetry-api,Data Manipulation,security,wazuh_detection_event,1,event,,,,,wazuh_security_events,results/raw/scenario_d/wazuh_security_events.csv,c14a0ccd5a267a2e
2026-05-02T19:50:51Z,SCENARIO_D,D-T0860-17,17,T0860,T0860,wazuh_localfile_json,vulnerable-app,Denial of Service,security,wazuh_detection_event,1,event,,,,,wazuh_security_events,results/raw/scenario_d/wazuh_security_events.csv,1e6c0b296f867d58
2026-05-02T19:51:05Z,SCENARIO_D,D-T0809-18,18,T0809,T0809,wazuh_localfile_json,mosquitto,Unauthorized Command Message,security,wazuh_detection_event,1,event,,,,,wazuh_security_events,results/raw/scenario_d/wazuh_security_events.csv,3b0dda2724320b3d
2026-05-02T19:51:12Z,SCENARIO_D,D-T0814-18,18,T0814,T0814,wazuh_localfile_json,telemetry-api,Data Manipulation,security,wazuh_detection_event,1,event,,,,,wazuh_security_events,results/raw/scenario_d/wazuh_security_events.csv,04cc6308b64133ea
2026-05-02T19:51:18Z,SCENARIO_D,D-T0860-18,18,T0860,T0860,wazuh_localfile_json,vulnerable-app,Denial of Service,security,wazuh_detection_event,1,event,,,,,wazuh_security_events,results/raw/scenario_d/wazuh_security_events.csv,97c684bb30667cfe
2026-05-02T19:51:31Z,SCENARIO_D,D-T0809-19,19,T0809,T0809,wazuh_localfile_json,mosquitto,Unauthorized Command Message,security,wazuh_detection_event,1,event,,,,,wazuh_security_events,results/raw/scenario_d/wazuh_security_events.csv,e5919a0deb2304b3
2026-05-02T19:51:39Z,SCENARIO_D,D-T0814-19,19,T0814,T0814,wazuh_localfile_json,telemetry-api,Data Manipulation,security,wazuh_detection_event,1,event,,,,,wazuh_security_events,results/raw/scenario_d/wazuh_security_events.csv,6c5b1e9626420140
2026-05-02T19:51:47Z,SCENARIO_D,D-T0860-19,19,T0860,T0860,wazuh_localfile_json,vulnerable-app,Denial of Service,security,wazuh_detection_event,1,event,,,,,wazuh_security_events,results/raw/scenario_d/wazuh_security_events.csv,f7473a9811dda432
2026-05-02T19:52:01Z,SCENARIO_D,D-T0809-20,20,T0809,T0809,wazuh_localfile_json,mosquitto,Unauthorized Command Message,security,wazuh_detection_event,1,event,,,,,wazuh_security_events,results/raw/scenario_d/wazuh_security_events.csv,163d72b8a8a30262
2026-05-02T19:52:09Z,SCENARIO_D,D-T0814-20,20,T0814,T0814,wazuh_localfile_json,telemetry-api,Data Manipulation,security,wazuh_detection_event,1,event,,,,,wazuh_security_events,results/raw/scenario_d/wazuh_security_events.csv,8f0bbd02644a3310
2026-05-02T19:52:16Z,SCENARIO_D,D-T0860-20,20,T0860,T0860,wazuh_localfile_json,vulnerable-app,Denial of Service,security,wazuh_detection_event,1,event,,,,,wazuh_security_events,results/raw/scenario_d/wazuh_security_events.csv,2d4504f7e4c2ea39
2026-05-02T19:32:37Z,SCENARIO_D,D-T0809-1,1,T0809,T0809,wazuh_localfile_json,mosquitto,unauthorized_command_message,medium,wazuh_detection_event,1,event,,,,,wazuh_security_events,results/raw/scenario_d/wazuh_security_events.csv,4bd5909a292bedeb
2026-05-02T19:32:45Z,SCENARIO_D,D-T0814-1,1,T0814,T0814,wazuh_localfile_json,telemetry-api,telemetry_manipulation,medium,wazuh_detection_event,1,event,,,,,wazuh_security_events,results/raw/scenario_d/wazuh_security_events.csv,b9c537d55c0d81d3
2026-05-02T19:38:53Z,SCENARIO_D,D-T0809-1,1,T0809,T0809,wazuh_localfile_json,mosquitto,unauthorized_command_message,medium,wazuh_detection_event,1,event,,,,,wazuh_security_events,results/raw/scenario_d/wazuh_security_events.csv,004332cdeb70fd0b
2026-05-02T19:38:59Z,SCENARIO_D,D-T0814-1,1,T0814,T0814,wazuh_localfile_json,telemetry-api,telemetry_manipulation,medium,wazuh_detection_event,1,event,,,,,wazuh_security_events,results/raw/scenario_d/wazuh_security_events.csv,4a5222f71d0469df
2026-05-02T19:43:05Z,SCENARIO_D,D-T0809-1,1,T0809,T0809,wazuh_localfile_json,mosquitto,unauthorized_command_message,medium,wazuh_detection_event,1,event,,,,,wazuh_security_events,results/raw/scenario_d/wazuh_security_events.csv,b5fb52ba6cc3bbf0
2026-05-02T19:43:11Z,SCENARIO_D,D-T0814-1,1,T0814,T0814,wazuh_localfile_json,telemetry-api,telemetry_manipulation,medium,wazuh_detection_event,1,event,,,,,wazuh_security_events,results/raw/scenario_d/wazuh_security_events.csv,aaefea20e1b9cd72
2026-05-02T19:43:18Z,SCENARIO_D,D-T0860-1,1,T0860,T0860,wazuh_localfile_json,vulnerable-app,availability_degradation_http_flood,high,wazuh_detection_event,1,event,,,,,wazuh_security_events,results/raw/scenario_d/wazuh_security_events.csv,9ee79715a628150b
2026-05-02T19:43:31Z,SCENARIO_D,D-T0809-2,2,T0809,T0809,wazuh_localfile_json,mosquitto,unauthorized_command_message,medium,wazuh_detection_event,1,event,,,,,wazuh_security_events,results/raw/scenario_d/wazuh_security_events.csv,13239dab1abda915
2026-05-02T19:43:38Z,SCENARIO_D,D-T0814-2,2,T0814,T0814,wazuh_localfile_json,telemetry-api,telemetry_manipulation,medium,wazuh_detection_event,1,event,,,,,wazuh_security_events,results/raw/scenario_d/wazuh_security_events.csv,d720a0dba33d1cd8
2026-05-02T19:43:44Z,SCENARIO_D,D-T0860-2,2,T0860,T0860,wazuh_localfile_json,vulnerable-app,availability_degradation_http_flood,high,wazuh_detection_event,1,event,,,,,wazuh_security_events,results/raw/scenario_d/wazuh_security_events.csv,40fd55fea7ab11f0
2026-05-02T19:43:58Z,SCENARIO_D,D-T0809-3,3,T0809,T0809,wazuh_localfile_json,mosquitto,unauthorized_command_message,medium,wazuh_detection_event,1,event,,,,,wazuh_security_events,results/raw/scenario_d/wazuh_security_events.csv,202f90a091bdebd5
2026-05-02T19:44:05Z,SCENARIO_D,D-T0814-3,3,T0814,T0814,wazuh_localfile_json,telemetry-api,telemetry_manipulation,medium,wazuh_detection_event,1,event,,,,,wazuh_security_events,results/raw/scenario_d/wazuh_security_events.csv,7d124bc0dfbdb5ef
2026-05-02T19:44:11Z,SCENARIO_D,D-T0860-3,3,T0860,T0860,wazuh_localfile_json,vulnerable-app,availability_degradation_http_flood,high,wazuh_detection_event,1,event,,,,,wazuh_security_events,results/raw/scenario_d/wazuh_security_events.csv,b49def93e7018177
2026-05-02T19:44:25Z,SCENARIO_D,D-T0809-4,4,T0809,T0809,wazuh_localfile_json,mosquitto,unauthorized_command_message,medium,wazuh_detection_event,1,event,,,,,wazuh_security_events,results/raw/scenario_d/wazuh_security_events.csv,b433bbb92e23fe52
2026-05-02T19:44:31Z,SCENARIO_D,D-T0814-4,4,T0814,T0814,wazuh_localfile_json,telemetry-api,telemetry_manipulation,medium,wazuh_detection_event,1,event,,,,,wazuh_security_events,results/raw/scenario_d/wazuh_security_events.csv,3edf122012f9f5eb
2026-05-02T19:44:38Z,SCENARIO_D,D-T0860-4,4,T0860,T0860,wazuh_localfile_json,vulnerable-app,availability_degradation_http_flood,high,wazuh_detection_event,1,event,,,,,wazuh_security_events,results/raw/scenario_d/wazuh_security_events.csv,6ad8422072fcb87b
2026-05-02T19:44:53Z,SCENARIO_D,D-T0809-5,5,T0809,T0809,wazuh_localfile_json,mosquitto,unauthorized_command_message,medium,wazuh_detection_event,1,event,,,,,wazuh_security_events,results/raw/scenario_d/wazuh_security_events.csv,7795d6c27faf2591
2026-05-02T19:45:00Z,SCENARIO_D,D-T0814-5,5,T0814,T0814,wazuh_localfile_json,telemetry-api,telemetry_manipulation,medium,wazuh_detection_event,1,event,,,,,wazuh_security_events,results/raw/scenario_d/wazuh_security_events.csv,86ae60b41079beda
2026-05-02T19:45:08Z,SCENARIO_D,D-T0860-5,5,T0860,T0860,wazuh_localfile_json,vulnerable-app,availability_degradation_http_flood,high,wazuh_detection_event,1,event,,,,,wazuh_security_events,results/raw/scenario_d/wazuh_security_events.csv,7d1ca7f2d9587199
2026-05-02T19:45:24Z,SCENARIO_D,D-T0809-6,6,T0809,T0809,wazuh_localfile_json,mosquitto,unauthorized_command_message,medium,wazuh_detection_event,1,event,,,,,wazuh_security_events,results/raw/scenario_d/wazuh_security_events.csv,969c58a939c4e88f
2026-05-02T19:45:31Z,SCENARIO_D,D-T0814-6,6,T0814,T0814,wazuh_localfile_json,telemetry-api,telemetry_manipulation,medium,wazuh_detection_event,1,event,,,,,wazuh_security_events,results/raw/scenario_d/wazuh_security_events.csv,ecb155d05a55d82e
2026-05-02T19:45:40Z,SCENARIO_D,D-T0860-6,6,T0860,T0860,wazuh_localfile_json,vulnerable-app,availability_degradation_http_flood,high,wazuh_detection_event,1,event,,,,,wazuh_security_events,results/raw/scenario_d/wazuh_security_events.csv,30ea4233741c3999
2026-05-02T19:45:54Z,SCENARIO_D,D-T0809-7,7,T0809,T0809,wazuh_localfile_json,mosquitto,unauthorized_command_message,medium,wazuh_detection_event,1,event,,,,,wazuh_security_events,results/raw/scenario_d/wazuh_security_events.csv,221f8784535cbe96
2026-05-02T19:46:01Z,SCENARIO_D,D-T0814-7,7,T0814,T0814,wazuh_localfile_json,telemetry-api,telemetry_manipulation,medium,wazuh_detection_event,1,event,,,,,wazuh_security_events,results/raw/scenario_d/wazuh_security_events.csv,d286ec33258ae54e
2026-05-02T19:46:08Z,SCENARIO_D,D-T0860-7,7,T0860,T0860,wazuh_localfile_json,vulnerable-app,availability_degradation_http_flood,high,wazuh_detection_event,1,event,,,,,wazuh_security_events,results/raw/scenario_d/wazuh_security_events.csv,0e197157fb047ef8
2026-05-02T19:46:21Z,SCENARIO_D,D-T0809-8,8,T0809,T0809,wazuh_localfile_json,mosquitto,unauthorized_command_message,medium,wazuh_detection_event,1,event,,,,,wazuh_security_events,results/raw/scenario_d/wazuh_security_events.csv,9a0797002a8c7356
2026-05-02T19:46:28Z,SCENARIO_D,D-T0814-8,8,T0814,T0814,wazuh_localfile_json,telemetry-api,telemetry_manipulation,medium,wazuh_detection_event,1,event,,,,,wazuh_security_events,results/raw/scenario_d/wazuh_security_events.csv,e56f4921054415c0
2026-05-02T19:46:35Z,SCENARIO_D,D-T0860-8,8,T0860,T0860,wazuh_localfile_json,vulnerable-app,availability_degradation_http_flood,high,wazuh_detection_event,1,event,,,,,wazuh_security_events,results/raw/scenario_d/wazuh_security_events.csv,255a8e408679db54
2026-05-02T19:46:49Z,SCENARIO_D,D-T0809-9,9,T0809,T0809,wazuh_localfile_json,mosquitto,unauthorized_command_message,medium,wazuh_detection_event,1,event,,,,,wazuh_security_events,results/raw/scenario_d/wazuh_security_events.csv,d706ef935a026188
2026-05-02T19:46:56Z,SCENARIO_D,D-T0814-9,9,T0814,T0814,wazuh_localfile_json,telemetry-api,telemetry_manipulation,medium,wazuh_detection_event,1,event,,,,,wazuh_security_events,results/raw/scenario_d/wazuh_security_events.csv,c7ad2eb46b73d0af
2026-05-02T19:47:03Z,SCENARIO_D,D-T0860-9,9,T0860,T0860,wazuh_localfile_json,vulnerable-app,availability_degradation_http_flood,high,wazuh_detection_event,1,event,,,,,wazuh_security_events,results/raw/scenario_d/wazuh_security_events.csv,5ac796c8baef172f
2026-05-02T19:47:16Z,SCENARIO_D,D-T0809-10,10,T0809,T0809,wazuh_localfile_json,mosquitto,unauthorized_command_message,medium,wazuh_detection_event,1,event,,,,,wazuh_security_events,results/raw/scenario_d/wazuh_security_events.csv,3f377bde29ee5e09
2026-05-02T19:47:25Z,SCENARIO_D,D-T0814-10,10,T0814,T0814,wazuh_localfile_json,telemetry-api,telemetry_manipulation,medium,wazuh_detection_event,1,event,,,,,wazuh_security_events,results/raw/scenario_d/wazuh_security_events.csv,2ce0b6a72644820b
2026-05-02T19:47:32Z,SCENARIO_D,D-T0860-10,10,T0860,T0860,wazuh_localfile_json,vulnerable-app,availability_degradation_http_flood,high,wazuh_detection_event,1,event,,,,,wazuh_security_events,results/raw/scenario_d/wazuh_security_events.csv,fefec586ca15f9fe
2026-05-02T19:47:48Z,SCENARIO_D,D-T0809-11,11,T0809,T0809,wazuh_localfile_json,mosquitto,unauthorized_command_message,medium,wazuh_detection_event,1,event,,,,,wazuh_security_events,results/raw/scenario_d/wazuh_security_events.csv,acce57445645df2e
2026-05-02T19:47:56Z,SCENARIO_D,D-T0814-11,11,T0814,T0814,wazuh_localfile_json,telemetry-api,telemetry_manipulation,medium,wazuh_detection_event,1,event,,,,,wazuh_security_events,results/raw/scenario_d/wazuh_security_events.csv,1d1ec58702eadb13
2026-05-02T19:48:03Z,SCENARIO_D,D-T0860-11,11,T0860,T0860,wazuh_localfile_json,vulnerable-app,availability_degradation_http_flood,high,wazuh_detection_event,1,event,,,,,wazuh_security_events,results/raw/scenario_d/wazuh_security_events.csv,f828c2f230451266
2026-05-02T19:48:17Z,SCENARIO_D,D-T0809-12,12,T0809,T0809,wazuh_localfile_json,mosquitto,unauthorized_command_message,medium,wazuh_detection_event,1,event,,,,,wazuh_security_events,results/raw/scenario_d/wazuh_security_events.csv,0725858dbafc0340
2026-05-02T19:48:25Z,SCENARIO_D,D-T0814-12,12,T0814,T0814,wazuh_localfile_json,telemetry-api,telemetry_manipulation,medium,wazuh_detection_event,1,event,,,,,wazuh_security_events,results/raw/scenario_d/wazuh_security_events.csv,159faf9052d3b50b
2026-05-02T19:48:33Z,SCENARIO_D,D-T0860-12,12,T0860,T0860,wazuh_localfile_json,vulnerable-app,availability_degradation_http_flood,high,wazuh_detection_event,1,event,,,,,wazuh_security_events,results/raw/scenario_d/wazuh_security_events.csv,203c0885c57d27d8
2026-05-02T19:48:47Z,SCENARIO_D,D-T0809-13,13,T0809,T0809,wazuh_localfile_json,mosquitto,unauthorized_command_message,medium,wazuh_detection_event,1,event,,,,,wazuh_security_events,results/raw/scenario_d/wazuh_security_events.csv,1a11e4a72e9caab9
2026-05-02T19:48:55Z,SCENARIO_D,D-T0814-13,13,T0814,T0814,wazuh_localfile_json,telemetry-api,telemetry_manipulation,medium,wazuh_detection_event,1,event,,,,,wazuh_security_events,results/raw/scenario_d/wazuh_security_events.csv,8be7e27321426549
2026-05-02T19:49:02Z,SCENARIO_D,D-T0860-13,13,T0860,T0860,wazuh_localfile_json,vulnerable-app,availability_degradation_http_flood,high,wazuh_detection_event,1,event,,,,,wazuh_security_events,results/raw/scenario_d/wazuh_security_events.csv,5857fcd607b3a0a3
2026-05-02T19:49:15Z,SCENARIO_D,D-T0809-14,14,T0809,T0809,wazuh_localfile_json,mosquitto,unauthorized_command_message,medium,wazuh_detection_event,1,event,,,,,wazuh_security_events,results/raw/scenario_d/wazuh_security_events.csv,46444d21de65279a
2026-05-02T19:49:23Z,SCENARIO_D,D-T0814-14,14,T0814,T0814,wazuh_localfile_json,telemetry-api,telemetry_manipulation,medium,wazuh_detection_event,1,event,,,,,wazuh_security_events,results/raw/scenario_d/wazuh_security_events.csv,6d54b0b6136a5a7f
2026-05-02T19:49:29Z,SCENARIO_D,D-T0860-14,14,T0860,T0860,wazuh_localfile_json,vulnerable-app,availability_degradation_http_flood,high,wazuh_detection_event,1,event,,,,,wazuh_security_events,results/raw/scenario_d/wazuh_security_events.csv,599b95f0daf8eee1
2026-05-02T19:49:42Z,SCENARIO_D,D-T0809-15,15,T0809,T0809,wazuh_localfile_json,mosquitto,unauthorized_command_message,medium,wazuh_detection_event,1,event,,,,,wazuh_security_events,results/raw/scenario_d/wazuh_security_events.csv,13d1b38c2ba6cef2
2026-05-02T19:49:48Z,SCENARIO_D,D-T0814-15,15,T0814,T0814,wazuh_localfile_json,telemetry-api,telemetry_manipulation,medium,wazuh_detection_event,1,event,,,,,wazuh_security_events,results/raw/scenario_d/wazuh_security_events.csv,89ad2ab35e86d997
2026-05-02T19:49:56Z,SCENARIO_D,D-T0860-15,15,T0860,T0860,wazuh_localfile_json,vulnerable-app,availability_degradation_http_flood,high,wazuh_detection_event,1,event,,,,,wazuh_security_events,results/raw/scenario_d/wazuh_security_events.csv,a170a07d9d36289d
2026-05-02T19:50:09Z,SCENARIO_D,D-T0809-16,16,T0809,T0809,wazuh_localfile_json,mosquitto,unauthorized_command_message,medium,wazuh_detection_event,1,event,,,,,wazuh_security_events,results/raw/scenario_d/wazuh_security_events.csv,a4b4337ad7a28500
2026-05-02T19:50:17Z,SCENARIO_D,D-T0814-16,16,T0814,T0814,wazuh_localfile_json,telemetry-api,telemetry_manipulation,medium,wazuh_detection_event,1,event,,,,,wazuh_security_events,results/raw/scenario_d/wazuh_security_events.csv,ede25fad2a12c6ba
2026-05-02T19:50:24Z,SCENARIO_D,D-T0860-16,16,T0860,T0860,wazuh_localfile_json,vulnerable-app,availability_degradation_http_flood,high,wazuh_detection_event,1,event,,,,,wazuh_security_events,results/raw/scenario_d/wazuh_security_events.csv,764559842561a03d
2026-05-02T19:50:38Z,SCENARIO_D,D-T0809-17,17,T0809,T0809,wazuh_localfile_json,mosquitto,unauthorized_command_message,medium,wazuh_detection_event,1,event,,,,,wazuh_security_events,results/raw/scenario_d/wazuh_security_events.csv,866224f3b3be88ca
2026-05-02T19:50:45Z,SCENARIO_D,D-T0814-17,17,T0814,T0814,wazuh_localfile_json,telemetry-api,telemetry_manipulation,medium,wazuh_detection_event,1,event,,,,,wazuh_security_events,results/raw/scenario_d/wazuh_security_events.csv,835d943f65204f84
2026-05-02T19:50:51Z,SCENARIO_D,D-T0860-17,17,T0860,T0860,wazuh_localfile_json,vulnerable-app,availability_degradation_http_flood,high,wazuh_detection_event,1,event,,,,,wazuh_security_events,results/raw/scenario_d/wazuh_security_events.csv,2aead8452271f9a5
2026-05-02T19:51:05Z,SCENARIO_D,D-T0809-18,18,T0809,T0809,wazuh_localfile_json,mosquitto,unauthorized_command_message,medium,wazuh_detection_event,1,event,,,,,wazuh_security_events,results/raw/scenario_d/wazuh_security_events.csv,25f47b63209b6200
2026-05-02T19:51:12Z,SCENARIO_D,D-T0814-18,18,T0814,T0814,wazuh_localfile_json,telemetry-api,telemetry_manipulation,medium,wazuh_detection_event,1,event,,,,,wazuh_security_events,results/raw/scenario_d/wazuh_security_events.csv,b46e7863348c7413
2026-05-02T19:51:18Z,SCENARIO_D,D-T0860-18,18,T0860,T0860,wazuh_localfile_json,vulnerable-app,availability_degradation_http_flood,high,wazuh_detection_event,1,event,,,,,wazuh_security_events,results/raw/scenario_d/wazuh_security_events.csv,ac2cdcca79335626
2026-05-02T19:51:31Z,SCENARIO_D,D-T0809-19,19,T0809,T0809,wazuh_localfile_json,mosquitto,unauthorized_command_message,medium,wazuh_detection_event,1,event,,,,,wazuh_security_events,results/raw/scenario_d/wazuh_security_events.csv,f9ed84b2b5d748b0
2026-05-02T19:51:39Z,SCENARIO_D,D-T0814-19,19,T0814,T0814,wazuh_localfile_json,telemetry-api,telemetry_manipulation,medium,wazuh_detection_event,1,event,,,,,wazuh_security_events,results/raw/scenario_d/wazuh_security_events.csv,1bc70b6733a92ad3
2026-05-02T19:51:47Z,SCENARIO_D,D-T0860-19,19,T0860,T0860,wazuh_localfile_json,vulnerable-app,availability_degradation_http_flood,high,wazuh_detection_event,1,event,,,,,wazuh_security_events,results/raw/scenario_d/wazuh_security_events.csv,7810b7986893d45d
2026-05-02T19:52:01Z,SCENARIO_D,D-T0809-20,20,T0809,T0809,wazuh_localfile_json,mosquitto,unauthorized_command_message,medium,wazuh_detection_event,1,event,,,,,wazuh_security_events,results/raw/scenario_d/wazuh_security_events.csv,12a5f057823b48ec
2026-05-02T19:52:09Z,SCENARIO_D,D-T0814-20,20,T0814,T0814,wazuh_localfile_json,telemetry-api,telemetry_manipulation,medium,wazuh_detection_event,1,event,,,,,wazuh_security_events,results/raw/scenario_d/wazuh_security_events.csv,c1e844116f6b8ecf
2026-05-02T19:52:16Z,SCENARIO_D,D-T0860-20,20,T0860,T0860,wazuh_localfile_json,vulnerable-app,availability_degradation_http_flood,high,wazuh_detection_event,1,event,,,,,wazuh_security_events,results/raw/scenario_d/wazuh_security_events.csv,6411f984a3426a95
